country,BRA
subject,LORSGPOR_IXOBSA
measure,
unit,Index
powercode,Units
reference_period,2010=100
time,
1996,60.33254
1997,62.5746
1998,62.7947
1999,63.09309
2000,65.77988
2001,66.79028
2002,68.80739
2003,69.60802
2004,73.38459
2005,76.03593
2006,79.04698
2007,83.76203
2008,87.76483
2009,87.90209
2010,94.54501
2011,98.411
2012,99.99583
2013,103.2127
2014,103.7539
2015,100.0851
2016,96.57374
2017,98.14001
2018,99.79749
2019,101.0133
2020,96.79012
2021,101.5807
