country,BRA
subject,LORSGPOR_IXOBSA
measure,
unit,Index
powercode,Units
reference_period,2010=100
time,
1996,60.32099
1997,62.56856
1998,62.79151
1999,63.08535
2000,65.80549
2001,66.78044
2002,68.79972
2003,69.60376
2004,73.38185
2005,76.0554
2006,79.05753
2007,83.74609
2008,87.75282
2009,87.9016
2010,94.53899
2011,98.42655
2012,100.0149
2013,103.2084
2014,103.7409
2015,100.0662
2016,96.58894
2017,98.16048
2018,99.79032
2019,101.0056
2020,97.40157
2021,102.5939
2022,105.69
