country,BRA
subject,LORSGPOR_IXOBSA
measure,
unit,Index
powercode,Units
reference_period,2010=100
time,
1996,60.32996
1997,62.57312
1998,62.79318
1999,63.09162
2000,65.78696
2001,66.7888
2002,68.80584
2003,69.60629
2004,73.38097
2005,76.0396
2006,79.05107
2007,83.76048
2008,87.76101
2009,87.89983
2010,94.54257
2011,98.41642
2012,99.99885
2013,103.2109
2014,103.7517
2015,100.0835
2016,96.57539
2017,98.1431
2018,99.78835
2019,101.0026
2020,96.77509
2021,101.5716
