country,BRA
subject,LORSGPOR_IXOBSA
measure,
unit,Index
powercode,Units
reference_period,2010=100
time,
1996,60.33116
1997,62.57354
1998,62.79389
1999,63.09225
2000,65.78133
2001,66.79064
2002,68.80782
2003,69.60796
2004,73.38437
2005,76.03676
2006,79.04732
2007,83.76098
2008,87.76267
2009,87.90194
2010,94.54482
2011,98.41199
2012,99.99681
2013,103.2127
2014,103.7543
2015,100.0845
2016,96.57486
2017,98.14048
2018,99.79539
2019,101.0104
2020,96.79091
2021,101.5801
