country,BRA
subject,LORSGPOR_IXOBSA
measure,
unit,Index
powercode,Units
reference_period,2010=100
time,
1996,60.32076
1997,62.56842
1998,62.79136
1999,63.08519
2000,65.80606
2001,66.78034
2002,68.79962
2003,69.60365
2004,73.38155
2005,76.05571
2006,79.05788
2007,83.74601
2008,87.75256
2009,87.9015
2010,94.53885
2011,98.42702
2012,100.0151
2013,103.2081
2014,103.7406
2015,100.0659
2016,96.5891
2017,98.16077
2018,99.78984
2019,101.0048
2020,97.39809
2021,102.5902
2022,105.6847
