country,BRA
subject,LORSGPOR_IXOBSA
measure,
unit,Index
powercode,Units
reference_period,2010=100
time,
1996,60.32972
1997,62.57263
1998,62.79293
1999,63.09134
2000,65.78497
2001,66.79005
2002,68.80743
2003,69.60754
2004,73.38308
2005,76.03893
2006,79.04964
2007,83.76003
2008,87.76162
2009,87.90216
2010,94.54501
2011,98.41459
2012,99.99827
2013,103.2096
2014,103.7506
2015,100.081
2016,96.5759
2017,98.14309
2018,99.79566
2019,101.0112
2020,97.39586
2021,102.5769
2022,105.65
