country,BRA
subject,LORSGPOR_IXOBSA
measure,
unit,Index
powercode,Units
reference_period,2010=100
time,
1996,60.33113
1997,62.57347
1998,62.79382
1999,63.09219
2000,65.78119
2001,66.79083
2002,68.80822
2003,69.60838
2004,73.38489
2005,76.03686
2006,79.04733
2007,83.76085
2008,87.76324
2009,87.90286
2010,94.54582
2011,98.41173
2012,99.99665
2013,103.2115
2014,103.753
2015,100.0828
2016,96.57468
2017,98.14034
2018,99.79716
2019,101.0113
2020,97.39675
2021,102.576
