country,BRA
subject,LORSGPOR_IXOBSA
measure,
unit,Index
powercode,Units
reference_period,2010=100
time,
1996,60.32069
1997,62.56822
1998,62.78888
1999,63.08759
2000,65.81392
2001,66.78302
2002,68.80004
2003,69.599
2004,73.36741
2005,76.05177
2006,79.06568
2007,83.75422
2008,87.74953
2009,87.89333
2010,94.53737
2011,98.4373
2012,100.0108
2013,103.2022
2014,103.7421
2015,100.0761
2016,96.58807
2017,98.16734
2018,99.79155
2019,101.0128
2020,97.39211
2021,102.3579
2022,105.5607
